"IDCNTRY","YVar","EqVar","EqVarValue","N","WTD_N","PCT","SE_PCT","MEAN","SE_MEAN","n0","nUsed"
"Abu Dhabi, UAE","erea","adClickTotal_d_clicked","0",3009,20062.183069,73.2367435795363,1.0413257985627,455.498301420322,"4.26749038011834",3980,3980
"Abu Dhabi, UAE","erea","adClickTotal_d_clicked","1",971,7331.42031699999,26.7632564204637,1.0413257985627,365.82091391463,"4.90709505092582",3980,3980
"Dubai, UAE","erea","adClickTotal_d_clicked","0",6266,18339.110848,85.1126694300934,0.516399189724157,536.298366868145,"1.44691426562626",7521,7470
"Dubai, UAE","erea","adClickTotal_d_clicked","1",1204,3207.752822,14.8873305699066,0.516399189724156,478.775807436259,"4.30932530499152",7521,7470
