"IDCNTRY","YVar","EqVar","n0","nUsed","coef","se","t","dof","pVal","r2"
"Abu Dhabi, UAE","ItemReached_count","(Intercept)",3980,3947,30.6309778967255,0.190070546246486,161.155836617646,"38.9358122979539",0,0.000365884195169697
"Abu Dhabi, UAE","ItemReached_count","adClickTotal_d_clicked1",3980,3947,-0.194402376545744,0.236338485862855,-0.822559118274771,"54.6037693950789",0.414336477256811,0.000365884195169697
"Abu Dhabi, UAE","lastItemReached_d","(Intercept)",3980,3947,1.71853522087991,0.0177411359538335,96.8672595346735,"86.8241416770008",0,0.00099938855602571
"Abu Dhabi, UAE","lastItemReached_d","adClickTotal_d_clicked1",3980,3947,-0.0324290613809556,0.023238916492416,-1.39546357040952,"82.215065338397",0.166633885800887,0.00099938855602571
"Dubai, UAE","ItemReached_count","(Intercept)",7521,7452,24.7106206398241,0.0410914238605187,601.357128039714,"93.0417242718295",0,0.00321213269822635
"Dubai, UAE","ItemReached_count","adClickTotal_d_clicked1",7521,7452,-0.483809020281242,0.113903070875084,-4.24755027730403,"88.5146652824899",5.32451895729427e-05,0.00321213269822635
"Dubai, UAE","lastItemReached_d","(Intercept)",7521,7452,1.85025933748032,0.0054757064922584,337.903308019931,"81.0471286129333",0,0.00534263649989007
"Dubai, UAE","lastItemReached_d","adClickTotal_d_clicked1",7521,7452,-0.075497450013588,0.0135351592481257,-5.57787674526569,"112.563355992178",1.69654506687465e-07,0.00534263649989007
