"IDCNTRY","YVar","EqVar","n0","nUsed","coef","se","t","dof","pVal","r2"
"Abu Dhabi, UAE","erea","(Intercept)",3980,3980,455.498301420322,4.267490380117,106.736808017792,"57.8591798790756",0,0.147693602618702
"Abu Dhabi, UAE","erea","adClickTotal_d_clicked1",3980,3980,-89.677387505696,5.68660907440675,-15.7699230476911,"109.036793214822",6.74620184230867e-30,0.147693602618702
"Dubai, UAE","erea","(Intercept)",7521,7470,536.29836686815,1.44691426562729,370.649719619459,"83.4938711846998",0,0.0530280304796299
"Dubai, UAE","erea","adClickTotal_d_clicked1",7521,7470,-57.5225594318892,4.23853478639254,-13.5713312101532,"87.0805226599039",3.36385173561675e-23,0.0530280304796299
